{"settled_to_zero": true, "lag_at_end": 0, "lag_zero_seconds": 420.705121, "started_at_epoch": 1781072377.9542882, "captured_at_utc": "2026-06-10T06:26:38Z"}
