{"settled_to_zero": true, "lag_at_end": 0, "lag_zero_seconds": 283.608302, "started_at_epoch": 1781064954.571739, "captured_at_utc": "2026-06-10T04:20:38Z"}
