{"settled_to_zero": false, "lag_at_end": 1, "lag_zero_seconds": 1805.526974, "started_at_epoch": 1781047331.1415033, "captured_at_utc": "2026-06-09T23:52:16Z"}
